1,Admin,Admin@gmail.com,Hiba,1
2,Sara,Sara@gmail.com,1234,2
3,Ahmad,Ahmad@gmail.com,4321,2
4,Sami,Sami@gmail.com,abcd,2
7,Safaa,Safaa@gmail.com,1234,2
8,Ali,Ali@gmail.com,1234,2
12,k,k@gmail.com,1234,2
13,Somaya,Somaya@gmail.com,1234,2
14,AA,AA@gmail.com,jjd,2
